Thailand,ประเทศไทย
Laos,ประเทศลาว
Cambodia,ประเทศกัมพูชา
Myanmar,ประเทศพม่า
Vietnam,ประเทศเวียดนาม
Malaysia,ประเทศมาเลเซีย
Singapore,ประเทศสิงคโปร์
Indonesia,ประเทศอินโดนิเซีย
Philippines,ประเทศฟิลิปปินส์
ฺBrunei,ประเทศบรูไน
China, ประเทศจีน
Japan,ประเทศญี่ปุ่น
South Korea,ประเทศเกาหลีใต้
India,ประเทศอินเดีย
England, ประเทศอังกฤษ
United States,ประเศสหรัฐอเมริกา
Australia,ประเทศออสเตรเลีย
France,ประเทศฝรั่งเศส
Spain,ประเทศสเปน
Italy,ประเทศอิตาลี
Germany,ประเทศเยอรมัน
Netherland,ประเทศเนเธอร์แลนด์
Russia,ประเทศรัสเซีย
Portugal,ประเทศโปรตุเกส
Brazil,ประเทศบราซิล
Mexico,ประเทศเม็กซิโก
Argentina,ประเทศอาร์เจนตินา
Turkey,ประเทศตุรกี
Saudi Arabia,ประเทศซาอุดิอาระเบีย